title,runtime,genre(s),director(s),writer(s),actor(s),rating(s),number of rating(s)
a,b,a; b; c,a; b; c,a,a; b; c,c,d
a,b,a; b; c,a; b; c,a,a; b; c,c,d
a,b,a; b; c,a; b; c,a,a; b; c,c,d
a,b,a; b; c,a; b; c,a,a; b; c,c,d
a,b,a; b; c,a; b; c,a,a; b; c,c,d
a,b,a; b; c,a; b; c,a,a; b; c,c,d
a,b,a; b; c,a; b; c,a,a; b; c,c,d
a,b,a; b; c,a; b; c,a,a; b; c,c,d
a,b,a; b; c,a; b; c,a,a; b; c,c,d
a,b,a; b; c,a; b; c,a,a; b; c,c,d
a,b,a; b; c,a; b; c,a,a; b; c,c,d
a,b,a; b; c,a; b; c,a,a; b; c,c,d
a,b,a; b; c,a; b; c,a,a; b; c,c,d
a,b,a; b; c,a; b; c,a,a; b; c,c,d
a,b,a; b; c,a; b; c,a,a; b; c,c,d
a,b,a; b; c,a; b; c,a,a; b; c,c,d
a,b,a; b; c,a; b; c,a,a; b; c,c,d
a,b,a; b; c,a; b; c,a,a; b; c,c,d
a,b,a; b; c,a; b; c,a,a; b; c,c,d
a,b,a; b; c,a; b; c,a,a; b; c,c,d
a,b,a; b; c,a; b; c,a,a; b; c,c,d
a,b,a; b; c,a; b; c,a,a; b; c,c,d
a,b,a; b; c,a; b; c,a,a; b; c,c,d
a,b,a; b; c,a; b; c,a,a; b; c,c,d
a,b,a; b; c,a; b; c,a,a; b; c,c,d
a,b,a; b; c,a; b; c,a,a; b; c,c,d
a,b,a; b; c,a; b; c,a,a; b; c,c,d
a,b,a; b; c,a; b; c,a,a; b; c,c,d
a,b,a; b; c,a; b; c,a,a; b; c,c,d
a,b,a; b; c,a; b; c,a,a; b; c,c,d
a,b,a; b; c,a; b; c,a,a; b; c,c,d
a,b,a; b; c,a; b; c,a,a; b; c,c,d
a,b,a; b; c,a; b; c,a,a; b; c,c,d
a,b,a; b; c,a; b; c,a,a; b; c,c,d
a,b,a; b; c,a; b; c,a,a; b; c,c,d
a,b,a; b; c,a; b; c,a,a; b; c,c,d
a,b,a; b; c,a; b; c,a,a; b; c,c,d
a,b,a; b; c,a; b; c,a,a; b; c,c,d
a,b,a; b; c,a; b; c,a,a; b; c,c,d
a,b,a; b; c,a; b; c,a,a; b; c,c,d
a,b,a; b; c,a; b; c,a,a; b; c,c,d
a,b,a; b; c,a; b; c,a,a; b; c,c,d
a,b,a; b; c,a; b; c,a,a; b; c,c,d
a,b,a; b; c,a; b; c,a,a; b; c,c,d
a,b,a; b; c,a; b; c,a,a; b; c,c,d
a,b,a; b; c,a; b; c,a,a; b; c,c,d
a,b,a; b; c,a; b; c,a,a; b; c,c,d
a,b,a; b; c,a; b; c,a,a; b; c,c,d
a,b,a; b; c,a; b; c,a,a; b; c,c,d
a,b,a; b; c,a; b; c,a,a; b; c,c,d
a,b,a; b; c,a; b; c,a,a; b; c,c,d
a,b,a; b; c,a; b; c,a,a; b; c,c,d
a,b,a; b; c,a; b; c,a,a; b; c,c,d
a,b,a; b; c,a; b; c,a,a; b; c,c,d
a,b,a; b; c,a; b; c,a,a; b; c,c,d
a,b,a; b; c,a; b; c,a,a; b; c,c,d
a,b,a; b; c,a; b; c,a,a; b; c,c,d
a,b,a; b; c,a; b; c,a,a; b; c,c,d
a,b,a; b; c,a; b; c,a,a; b; c,c,d
a,b,a; b; c,a; b; c,a,a; b; c,c,d
a,b,a; b; c,a; b; c,a,a; b; c,c,d
a,b,a; b; c,a; b; c,a,a; b; c,c,d
a,b,a; b; c,a; b; c,a,a; b; c,c,d
a,b,a; b; c,a; b; c,a,a; b; c,c,d
a,b,a; b; c,a; b; c,a,a; b; c,c,d
a,b,a; b; c,a; b; c,a,a; b; c,c,d
a,b,a; b; c,a; b; c,a,a; b; c,c,d
a,b,a; b; c,a; b; c,a,a; b; c,c,d
a,b,a; b; c,a; b; c,a,a; b; c,c,d
a,b,a; b; c,a; b; c,a,a; b; c,c,d
a,b,a; b; c,a; b; c,a,a; b; c,c,d
a,b,a; b; c,a; b; c,a,a; b; c,c,d
a,b,a; b; c,a; b; c,a,a; b; c,c,d
a,b,a; b; c,a; b; c,a,a; b; c,c,d
a,b,a; b; c,a; b; c,a,a; b; c,c,d
a,b,a; b; c,a; b; c,a,a; b; c,c,d
a,b,a; b; c,a; b; c,a,a; b; c,c,d
a,b,a; b; c,a; b; c,a,a; b; c,c,d
a,b,a; b; c,a; b; c,a,a; b; c,c,d
a,b,a; b; c,a; b; c,a,a; b; c,c,d
a,b,a; b; c,a; b; c,a,a; b; c,c,d
a,b,a; b; c,a; b; c,a,a; b; c,c,d
a,b,a; b; c,a; b; c,a,a; b; c,c,d
a,b,a; b; c,a; b; c,a,a; b; c,c,d
a,b,a; b; c,a; b; c,a,a; b; c,c,d
a,b,a; b; c,a; b; c,a,a; b; c,c,d
a,b,a; b; c,a; b; c,a,a; b; c,c,d
a,b,a; b; c,a; b; c,a,a; b; c,c,d
a,b,a; b; c,a; b; c,a,a; b; c,c,d
a,b,a; b; c,a; b; c,a,a; b; c,c,d
a,b,a; b; c,a; b; c,a,a; b; c,c,d
a,b,a; b; c,a; b; c,a,a; b; c,c,d
a,b,a; b; c,a; b; c,a,a; b; c,c,d
a,b,a; b; c,a; b; c,a,a; b; c,c,d
a,b,a; b; c,a; b; c,a,a; b; c,c,d
a,b,a; b; c,a; b; c,a,a; b; c,c,d
a,b,a; b; c,a; b; c,a,a; b; c,c,d
a,b,a; b; c,a; b; c,a,a; b; c,c,d
a,b,a; b; c,a; b; c,a,a; b; c,c,d
a,b,a; b; c,a; b; c,a,a; b; c,c,d
a,b,a; b; c,a; b; c,a,a; b; c,c,d
a,b,a; b; c,a; b; c,a,a; b; c,c,d
a,b,a; b; c,a; b; c,a,a; b; c,c,d
a,b,a; b; c,a; b; c,a,a; b; c,c,d
a,b,a; b; c,a; b; c,a,a; b; c,c,d
a,b,a; b; c,a; b; c,a,a; b; c,c,d
a,b,a; b; c,a; b; c,a,a; b; c,c,d
a,b,a; b; c,a; b; c,a,a; b; c,c,d
a,b,a; b; c,a; b; c,a,a; b; c,c,d
a,b,a; b; c,a; b; c,a,a; b; c,c,d
a,b,a; b; c,a; b; c,a,a; b; c,c,d
a,b,a; b; c,a; b; c,a,a; b; c,c,d
a,b,a; b; c,a; b; c,a,a; b; c,c,d
a,b,a; b; c,a; b; c,a,a; b; c,c,d
a,b,a; b; c,a; b; c,a,a; b; c,c,d
a,b,a; b; c,a; b; c,a,a; b; c,c,d
a,b,a; b; c,a; b; c,a,a; b; c,c,d
a,b,a; b; c,a; b; c,a,a; b; c,c,d
a,b,a; b; c,a; b; c,a,a; b; c,c,d
a,b,a; b; c,a; b; c,a,a; b; c,c,d
a,b,a; b; c,a; b; c,a,a; b; c,c,d
a,b,a; b; c,a; b; c,a,a; b; c,c,d
a,b,a; b; c,a; b; c,a,a; b; c,c,d
a,b,a; b; c,a; b; c,a,a; b; c,c,d
a,b,a; b; c,a; b; c,a,a; b; c,c,d
a,b,a; b; c,a; b; c,a,a; b; c,c,d
a,b,a; b; c,a; b; c,a,a; b; c,c,d
a,b,a; b; c,a; b; c,a,a; b; c,c,d
a,b,a; b; c,a; b; c,a,a; b; c,c,d
a,b,a; b; c,a; b; c,a,a; b; c,c,d
a,b,a; b; c,a; b; c,a,a; b; c,c,d
a,b,a; b; c,a; b; c,a,a; b; c,c,d
a,b,a; b; c,a; b; c,a,a; b; c,c,d
a,b,a; b; c,a; b; c,a,a; b; c,c,d
a,b,a; b; c,a; b; c,a,a; b; c,c,d
a,b,a; b; c,a; b; c,a,a; b; c,c,d
a,b,a; b; c,a; b; c,a,a; b; c,c,d
a,b,a; b; c,a; b; c,a,a; b; c,c,d
a,b,a; b; c,a; b; c,a,a; b; c,c,d
a,b,a; b; c,a; b; c,a,a; b; c,c,d
a,b,a; b; c,a; b; c,a,a; b; c,c,d
a,b,a; b; c,a; b; c,a,a; b; c,c,d
a,b,a; b; c,a; b; c,a,a; b; c,c,d
a,b,a; b; c,a; b; c,a,a; b; c,c,d
a,b,a; b; c,a; b; c,a,a; b; c,c,d
a,b,a; b; c,a; b; c,a,a; b; c,c,d
a,b,a; b; c,a; b; c,a,a; b; c,c,d
a,b,a; b; c,a; b; c,a,a; b; c,c,d
a,b,a; b; c,a; b; c,a,a; b; c,c,d
a,b,a; b; c,a; b; c,a,a; b; c,c,d
a,b,a; b; c,a; b; c,a,a; b; c,c,d
a,b,a; b; c,a; b; c,a,a; b; c,c,d
a,b,a; b; c,a; b; c,a,a; b; c,c,d
a,b,a; b; c,a; b; c,a,a; b; c,c,d
a,b,a; b; c,a; b; c,a,a; b; c,c,d
a,b,a; b; c,a; b; c,a,a; b; c,c,d
a,b,a; b; c,a; b; c,a,a; b; c,c,d
a,b,a; b; c,a; b; c,a,a; b; c,c,d
a,b,a; b; c,a; b; c,a,a; b; c,c,d
a,b,a; b; c,a; b; c,a,a; b; c,c,d
a,b,a; b; c,a; b; c,a,a; b; c,c,d
a,b,a; b; c,a; b; c,a,a; b; c,c,d
a,b,a; b; c,a; b; c,a,a; b; c,c,d
a,b,a; b; c,a; b; c,a,a; b; c,c,d
a,b,a; b; c,a; b; c,a,a; b; c,c,d
a,b,a; b; c,a; b; c,a,a; b; c,c,d
a,b,a; b; c,a; b; c,a,a; b; c,c,d
a,b,a; b; c,a; b; c,a,a; b; c,c,d
a,b,a; b; c,a; b; c,a,a; b; c,c,d
a,b,a; b; c,a; b; c,a,a; b; c,c,d
a,b,a; b; c,a; b; c,a,a; b; c,c,d
a,b,a; b; c,a; b; c,a,a; b; c,c,d
a,b,a; b; c,a; b; c,a,a; b; c,c,d
a,b,a; b; c,a; b; c,a,a; b; c,c,d
a,b,a; b; c,a; b; c,a,a; b; c,c,d
a,b,a; b; c,a; b; c,a,a; b; c,c,d
a,b,a; b; c,a; b; c,a,a; b; c,c,d
a,b,a; b; c,a; b; c,a,a; b; c,c,d
a,b,a; b; c,a; b; c,a,a; b; c,c,d
a,b,a; b; c,a; b; c,a,a; b; c,c,d
a,b,a; b; c,a; b; c,a,a; b; c,c,d
a,b,a; b; c,a; b; c,a,a; b; c,c,d
a,b,a; b; c,a; b; c,a,a; b; c,c,d
a,b,a; b; c,a; b; c,a,a; b; c,c,d
a,b,a; b; c,a; b; c,a,a; b; c,c,d
a,b,a; b; c,a; b; c,a,a; b; c,c,d
a,b,a; b; c,a; b; c,a,a; b; c,c,d
a,b,a; b; c,a; b; c,a,a; b; c,c,d
a,b,a; b; c,a; b; c,a,a; b; c,c,d
a,b,a; b; c,a; b; c,a,a; b; c,c,d
a,b,a; b; c,a; b; c,a,a; b; c,c,d
a,b,a; b; c,a; b; c,a,a; b; c,c,d
a,b,a; b; c,a; b; c,a,a; b; c,c,d
a,b,a; b; c,a; b; c,a,a; b; c,c,d
a,b,a; b; c,a; b; c,a,a; b; c,c,d
a,b,a; b; c,a; b; c,a,a; b; c,c,d
a,b,a; b; c,a; b; c,a,a; b; c,c,d
a,b,a; b; c,a; b; c,a,a; b; c,c,d
a,b,a; b; c,a; b; c,a,a; b; c,c,d
a,b,a; b; c,a; b; c,a,a; b; c,c,d
a,b,a; b; c,a; b; c,a,a; b; c,c,d
a,b,a; b; c,a; b; c,a,a; b; c,c,d
a,b,a; b; c,a; b; c,a,a; b; c,c,d
a,b,a; b; c,a; b; c,a,a; b; c,c,d
a,b,a; b; c,a; b; c,a,a; b; c,c,d
a,b,a; b; c,a; b; c,a,a; b; c,c,d
a,b,a; b; c,a; b; c,a,a; b; c,c,d
a,b,a; b; c,a; b; c,a,a; b; c,c,d
a,b,a; b; c,a; b; c,a,a; b; c,c,d
a,b,a; b; c,a; b; c,a,a; b; c,c,d
a,b,a; b; c,a; b; c,a,a; b; c,c,d
a,b,a; b; c,a; b; c,a,a; b; c,c,d
a,b,a; b; c,a; b; c,a,a; b; c,c,d
a,b,a; b; c,a; b; c,a,a; b; c,c,d
a,b,a; b; c,a; b; c,a,a; b; c,c,d
a,b,a; b; c,a; b; c,a,a; b; c,c,d
a,b,a; b; c,a; b; c,a,a; b; c,c,d
a,b,a; b; c,a; b; c,a,a; b; c,c,d
a,b,a; b; c,a; b; c,a,a; b; c,c,d
a,b,a; b; c,a; b; c,a,a; b; c,c,d
a,b,a; b; c,a; b; c,a,a; b; c,c,d
a,b,a; b; c,a; b; c,a,a; b; c,c,d
a,b,a; b; c,a; b; c,a,a; b; c,c,d
a,b,a; b; c,a; b; c,a,a; b; c,c,d
a,b,a; b; c,a; b; c,a,a; b; c,c,d
a,b,a; b; c,a; b; c,a,a; b; c,c,d
a,b,a; b; c,a; b; c,a,a; b; c,c,d
a,b,a; b; c,a; b; c,a,a; b; c,c,d
a,b,a; b; c,a; b; c,a,a; b; c,c,d
a,b,a; b; c,a; b; c,a,a; b; c,c,d
a,b,a; b; c,a; b; c,a,a; b; c,c,d
a,b,a; b; c,a; b; c,a,a; b; c,c,d
a,b,a; b; c,a; b; c,a,a; b; c,c,d
a,b,a; b; c,a; b; c,a,a; b; c,c,d
a,b,a; b; c,a; b; c,a,a; b; c,c,d
a,b,a; b; c,a; b; c,a,a; b; c,c,d
a,b,a; b; c,a; b; c,a,a; b; c,c,d
a,b,a; b; c,a; b; c,a,a; b; c,c,d
a,b,a; b; c,a; b; c,a,a; b; c,c,d
a,b,a; b; c,a; b; c,a,a; b; c,c,d
a,b,a; b; c,a; b; c,a,a; b; c,c,d
a,b,a; b; c,a; b; c,a,a; b; c,c,d
a,b,a; b; c,a; b; c,a,a; b; c,c,d
a,b,a; b; c,a; b; c,a,a; b; c,c,d
a,b,a; b; c,a; b; c,a,a; b; c,c,d
a,b,a; b; c,a; b; c,a,a; b; c,c,d
a,b,a; b; c,a; b; c,a,a; b; c,c,d
a,b,a; b; c,a; b; c,a,a; b; c,c,d
a,b,a; b; c,a; b; c,a,a; b; c,c,d
a,b,a; b; c,a; b; c,a,a; b; c,c,d
